Workbook

Sheet Executive Summary
A1: Literature Consolidation & Repurposing Engine
A2: Technical Validation & Accuracy Benchmark Summary
B4: Total Test Papers/Protocols | E4: Target Precision Target | H4: Current Mean Precision | K4: Zero-Hallucination Rate
B5: =COUNT('Validation Test Bench'!A7:A20) | E5: 95.0% | H5: ='Validation Test Bench'!G21 | K5: ='Validation Test Bench'!J21
A8: Validation Metric | B8: Target Metric | C8: Current Baseline | D8: Status / Gap | E8: Investor Readiness
A9: Entity Extraction Precision (NER) | B9: 0.95 | C9: ='Validation Test Bench'!G21 | D9: =C9-B9 | E9: =IF(D9>=0, "Target Exceeded", "Needs Tuning")
A10: Source-Span Citation Accuracy | B10: 0.98 | C10: ='Validation Test Bench'!H21 | D10: =C10-B10 | E10: =IF(D10>=0, "Investor Ready", "Action Required")
A11: Hallucination-Free Response Rate | B11: 0.99 | C11: ='Validation Test Bench'!J21 | D11: =C11-B11 | E11: =IF(D11>=0, "Investor Ready", "Action Required")
A12: Evidence Evaluation Score (F1) | B12: 0.9 | C12: ='Validation Test Bench'!I21 | D12: =C12-B12 | E12: =IF(D12>=0, "Target Exceeded", "Needs Tuning")
A13: Mean Query Latency (sec) | B13: 2.5 | C13: ='Validation Test Bench'!K21 | D13: =B13-C13 | E13: =IF(D13>=0, "Investor Ready", "Optimize Index")

Sheet Validation Test Bench
A1: Chordoma & Clinical Literature Benchmark Dataset
A2: Source-Span Citation Tracking & Extraction Precision Audit
A6: Test ID | B6: Source Document Title | C6: Document Type | D6: Target Concepts / Entities | E6: Extraction Count | F6: Correct Extracted | G6: Extraction Precision | H6: Citation Accuracy | I6: F1 Evidence Score | J6: Hallucination Free? | K6: Query Latency (s) | L6: Pass/Fail Status
A7: BMK-001 | B7: Chordoma Consensus Guidelines 2023 | C7: Clinical Guideline | D7: 45 | E7: 45 | F7: 43 | G7: =F7/E7 | H7: 0.98 | I7: 0.92 | J7: 1 | K7: 1.85 | L7: =IF(AND(G7>=0.95, H7>=0.95, J7=1), "PASS", "FLAG")
A8: BMK-002 | B8: PD-1 Blockade in Recurrent Chordoma Phase II | C8: Trial Protocol | D8: 32 | E8: 31 | F8: 29 | G8: =F8/E8 | H8: 0.96 | I8: 0.91 | J8: 1 | K8: 2.1 | L8: =IF(AND(G8>=0.95, H8>=0.95, J8=1), "PASS", "FLAG")
A9: BMK-003 | B9: EGFR and MET Targeted Therapy Study | C9: Research Paper | D9: 28 | E9: 28 | F9: 26 | G9: =F9/E9 | H9: 0.95 | I9: 0.88 | J9: 1 | K9: 1.95 | L9: =IF(AND(G9>=0.95, H9>=0.95, J9=1), "PASS", "FLAG")
A10: BMK-004 | B10: Brachyury Expression as Diagnostic Marker | C10: Research Paper | D10: 18 | E10: 18 | F10: 18 | G10: =F10/E10 | H10: 1 | I10: 0.96 | J10: 1 | K10: 1.4 | L10: =IF(AND(G10>=0.95, H10>=0.95, J10=1), "PASS", "FLAG")
A11: BMK-005 | B11: Proton Beam vs IMRT Comparative Cohort | C11: Clinical Study | D11: 52 | E11: 50 | F11: 47 | G11: =F11/E11 | H11: 0.97 | I11: 0.93 | J11: 1 | K11: 2.75 | L11: =IF(AND(G11>=0.95, H11>=0.95, J11=1), "PASS", "FLAG")
A12: BMK-006 | B12: Chordoma Foundation Research Roadmap 2024 | C12: Strategic Report | D12: 40 | E12: 38 | F12: 35 | G12: =F12/E12 | H12: 0.94 | I12: 0.89 | J12: 1 | K12: 2.3 | L12: =IF(AND(G12>=0.95, H12>=0.95, J12=1), "PASS", "FLAG")
A13: BMK-007 | B13: Sacral Chordoma Surgical Margin Analysis | C13: Clinical Study | D13: 35 | E13: 35 | F13: 33 | G13: =F13/E13 | H13: 0.96 | I13: 0.9 | J13: 1 | K13: 2.05 | L13: =IF(AND(G13>=0.95, H13>=0.95, J13=1), "PASS", "FLAG")
A14: BMK-008 | B14: Systemic Therapy Outcomes in Advanced Disease | C14: Meta-Analysis | D14: 60 | E14: 58 | F14: 53 | G14: =F14/E14 | H14: 0.95 | I14: 0.87 | J14: 0 | K14: 3.1 | L14: =IF(AND(G14>=0.95, H14>=0.95, J14=1), "PASS", "FLAG")
A15: BMK-009 | B15: Immune Microenvironment & TIL Characterization | C15: Research Paper | D15: 25 | E15: 24 | F15: 23 | G15: =F15/E15 | H15: 0.96 | I15: 0.92 | J15: 1 | K15: 1.8 | L15: =IF(AND(G15>=0.95, H15>=0.95, J15=1), "PASS", "FLAG")
A16: BMK-010 | B16: Pediatric Chordoma Molecular Subtypes | C16: Research Paper | D16: 22 | E16: 22 | F16: 21 | G16: =F16/E16 | H16: 0.97 | I16: 0.94 | J16: 1 | K16: 1.65 | L16: =IF(AND(G16>=0.95, H16>=0.95, J16=1), "PASS", "FLAG")
A17: BMK-011 | B17: Pre-screening Eligibility Matrix for Trial Phase I/II | C17: Trial Protocol | D17: 48 | E17: 47 | F17: 45 | G17: =F17/E17 | H17: 0.98 | I17: 0.95 | J17: 1 | K17: 2.4 | L17: =IF(AND(G17>=0.95, H17>=0.95, J17=1), "PASS", "FLAG")
A18: BMK-012 | B18: EGF-R Mutation Profile Response Rates | C18: Clinical Study | D18: 30 | E18: 29 | F18: 27 | G18: =F18/E18 | H18: 0.94 | I18: 0.89 | J18: 1 | K18: 2.15 | L18: =IF(AND(G18>=0.95, H18>=0.95, J18=1), "PASS", "FLAG")
... A20: BMK-014 | B20: Chordoma Cell Line Drug Screening Benchmark | C20: Dataset Paper | D20: 55 | E20: 54 | F20: 52 | G20: =F20/E20 | H20: 0.98 | I20: 0.95 | J20: 1 | K20: 2.9 | L20: =IF(AND(G20>=0.95, H20>=0.95, J20=1), "PASS", "FLAG")
A21: AVERAGE / TOTAL | D21: =SUM(D7:D20) | E21: =SUM(E7:E20) | F21: =SUM(F7:F20) | G21: =AVERAGE(G7:G20) | H21: =AVERAGE(H7:H20) | I21: =AVERAGE(I7:I20) | J21: =AVERAGE(J7:J20) | K21: =AVERAGE(K7:K20)
